Workbook

Sheet MAIN
D1: Max invoice date: | E1: =MAX('CCMS DATA'!F:F)
D2: Min GL Date: | E2: =MIN('CCMS DATA'!AJ:AJ)
D3: Max GL Date: | E3: =MAX('CCMS DATA'!AJ:AJ)
A7: Total late processed | B7: =ROUND(SUM('CCMS DATA'!AR:AR),2)
A9: SCHEME | B9: Total payable to supplier = ZERO | C9: Supplier Held | D9: Creditors | E9: Debtors | F9: TOTAL
A10: CIVIL REP | B10: =SUM('By Code'!E:E) | C10: =SUM('By Code'!F:F) | D10: =SUM('By Code'!G:G) | E10: =SUM('By Code'!H:H) | F10: =SUM(B10:E10)
A12: Total | B12: =SUM(B10:B11) | C12: =SUM(C10:C11) | D12: =SUM(D10:D11) | E12: =SUM(E10:E11) | F12: =ROUND(SUM(F10:F11),2)
A14: Creditor POA adjustments | B14: =ROUND(SUM('CCMS DATA'!AT:AX),1) | C14: =ROUND(D19+H19,1)
A16: SCHEME | B16: Creditor POA's | C16: Creditor Non DISB POA adjustment | D16: Creditor POA value | E16: Creditor Recouped POA's | F16: Creditor Non DISB Recouped POA adjustment | G16: Creditor CIVILBILLS and GRADBILLS | H16: Creditor Bill Value
A17: CIVIL REP | B17: =SUM('By Code'!J:J) | C17: =SUM('By Code'!K:K) | D17: =B17+C17 | E17: =SUM('By Code'!L:L) | F17: =SUM('By Code'!M:M) | G17: =SUM('By Code'!N:N) | H17: =E17+F17+G17
A19: Total | B19: =SUM(B17:B18) | C19: =SUM(C17:C18) | D19: =SUM(D17:D18) | E19: =SUM(E17:E18) | F19: =SUM(F17:F18) | G19: =ROUND(SUM(G17:G18),2) | H19: =ROUND(SUM(H17:H18),2)
A21: PURPOSE:
A23: This report is used to generate the value of civil representation creditors at the end of the month, which were posted into CCMS After the period end and were dated prior to the period end.

Sheet By Code
A4: SEG2 | B4: SEG5 | C4: DESCRIPTION | E4: Total payable to supplier = ZERO | F4: Supplier Held | G4: Creditors | H4: Debtors | J4: Creditor POA | K4: Creditor Non DISB POA adjustment | L4: Creditor Rec POA | M4: Creditor Non Disb POA adj | N4: Creditor CIVILBILLS and GRADBILLS
A5: 11 | B5: 0 | E5: =SUMIFS('CCMS DATA'!$AR:$AR,'CCMS DATA'!$AO:$AO,$A5,'CCMS DATA'!$AP:$AP,$B5,'CCMS DATA'!$AS:$AS,"ZERO") | F5: =SUMIFS('CCMS DATA'!$AR:$AR,'CCMS DATA'!$AO:$AO,$A5,'CCMS DATA'!$AP:$AP,$B5,'CCMS DATA'!$AS:$AS,"HELD") | G5: =SUMIFS('CCMS DATA'!$AR:$AR,'CCMS DATA'!$AO:$AO,$A5,'CCMS DATA'!$AP:$AP,$B5,'CCMS DATA'!$AS:$AS,"CREDITOR") | H5: =SUMIFS('CCMS DATA'!$AR:$AR,'CCMS DATA'!$AO:$AO,$A5,'CCMS DATA'!$AP:$AP,$B5,'CCMS DATA'!$AS:$AS,"DEBTOR") | J5: =SUMIFS('CCMS DATA'!AT:AT,'CCMS DATA'!$AO:$AO,$A5,'CCMS DATA'!$AP:$AP,$B5) | K5: =SUMIFS('CCMS DATA'!AU:AU,'CCMS DATA'!$AO:$AO,$A5,'CCMS DATA'!$AP:$AP,$B5) | L5: =SUMIFS('CCMS DATA'!AV:AV,'CCMS DATA'!$AO:$AO,$A5,'CCMS DATA'!$AP:$AP,$B5) | M5: =SUMIFS('CCMS DATA'!AW:AW,'CCMS DATA'!$AO:$AO,$A5,'CCMS DATA'!$AP:$AP,$B5) | N5: =SUMIFS('CCMS DATA'!AX:AX,'CCMS DATA'!$AO:$AO,$A5,'CCMS DATA'!$AP:$AP,$B5)
A6: 11 | B6: 2011 | E6: =SUMIFS('CCMS DATA'!$AR:$AR,'CCMS DATA'!$AO:$AO,$A6,'CCMS DATA'!$AP:$AP,$B6,'CCMS DATA'!$AS:$AS,"ZERO") | F6: =SUMIFS('CCMS DATA'!$AR:$AR,'CCMS DATA'!$AO:$AO,$A6,'CCMS DATA'!$AP:$AP,$B6,'CCMS DATA'!$AS:$AS,"HELD") | G6: =SUMIFS('CCMS DATA'!$AR:$AR,'CCMS DATA'!$AO:$AO,$A6,'CCMS DATA'!$AP:$AP,$B6,'CCMS DATA'!$AS:$AS,"CREDITOR") | H6: =SUMIFS('CCMS DATA'!$AR:$AR,'CCMS DATA'!$AO:$AO,$A6,'CCMS DATA'!$AP:$AP,$B6,'CCMS DATA'!$AS:$AS,"DEBTOR") | J6: =SUMIFS('CCMS DATA'!AT:AT,'CCMS DATA'!$AO:$AO,$A6,'CCMS DATA'!$AP:$AP,$B6) | K6: =SUMIFS('CCMS DATA'!AU:AU,'CCMS DATA'!$AO:$AO,$A6,'CCMS DATA'!$AP:$AP,$B6) | L6: =SUMIFS('CCMS DATA'!AV:AV,'CCMS DATA'!$AO:$AO,$A6,'CCMS DATA'!$AP:$AP,$B6) | M6: =SUMIFS('CCMS DATA'!AW:AW,'CCMS DATA'!$AO:$AO,$A6,'CCMS DATA'!$AP:$AP,$B6) | N6: =SUMIFS('CCMS DATA'!AX:AX,'CCMS DATA'!$AO:$AO,$A6,'CCMS DATA'!$AP:$AP,$B6)
A7: 11 | B7: 2012 | E7: =SUMIFS('CCMS DATA'!$AR:$AR,'CCMS DATA'!$AO:$AO,$A7,'CCMS DATA'!$AP:$AP,$B7,'CCMS DATA'!$AS:$AS,"ZERO") | F7: =SUMIFS('CCMS DATA'!$AR:$AR,'CCMS DATA'!$AO:$AO,$A7,'CCMS DATA'!$AP:$AP,$B7,'CCMS DATA'!$AS:$AS,"HELD") | G7: =SUMIFS('CCMS DATA'!$AR:$AR,'CCMS DATA'!$AO:$AO,$A7,'CCMS DATA'!$AP:$AP,$B7,'CCMS DATA'!$AS:$AS,"CREDITOR") | H7: =SUMIFS('CCMS DATA'!$AR:$AR,'CCMS DATA'!$AO:$AO,$A7,'CCMS DATA'!$AP:$AP,$B7,'CCMS DATA'!$AS:$AS,"DEBTOR") | J7: =SUMIFS('CCMS DATA'!AT:AT,'CCMS DATA'!$AO:$AO,$A7,'CCMS DATA'!$AP:$AP,$B7) | K7: =SUMIFS('CCMS DATA'!AU:AU,'CCMS DATA'!$AO:$AO,$A7,'CCMS DATA'!$AP:$AP,$B7) | L7: =SUMIFS('CCMS DATA'!AV:AV,'CCMS DATA'!$AO:$AO,$A7,'CCMS DATA'!$AP:$AP,$B7) | M7: =SUMIFS('CCMS DATA'!AW:AW,'CCMS DATA'!$AO:$AO,$A7,'CCMS DATA'!$AP:$AP,$B7) | N7: =SUMIFS('CCMS DATA'!AX:AX,'CCMS DATA'!$AO:$AO,$A7,'CCMS DATA'!$AP:$AP,$B7)
A8: 11 | B8: 2013 | E8: =SUMIFS('CCMS DATA'!$AR:$AR,'CCMS DATA'!$AO:$AO,$A8,'CCMS DATA'!$AP:$AP,$B8,'CCMS DATA'!$AS:$AS,"ZERO") | F8: =SUMIFS('CCMS DATA'!$AR:$AR,'CCMS DATA'!$AO:$AO,$A8,'CCMS DATA'!$AP:$AP,$B8,'CCMS DATA'!$AS:$AS,"HELD") | G8: =SUMIFS('CCMS DATA'!$AR:$AR,'CCMS DATA'!$AO:$AO,$A8,'CCMS DATA'!$AP:$AP,$B8,'CCMS DATA'!$AS:$AS,"CREDITOR") | H8: =SUMIFS('CCMS DATA'!$AR:$AR,'CCMS DATA'!$AO:$AO,$A8,'CCMS DATA'!$AP:$AP,$B8,'CCMS DATA'!$AS:$AS,"DEBTOR") | J8: =SUMIFS('CCMS DATA'!AT:AT,'CCMS DATA'!$AO:$AO,$A8,'CCMS DATA'!$AP:$AP,$B8) | K8: =SUMIFS('CCMS DATA'!AU:AU,'CCMS DATA'!$AO:$AO,$A8,'CCMS DATA'!$AP:$AP,$B8) | L8: =SUMIFS('CCMS DATA'!AV:AV,'CCMS DATA'!$AO:$AO,$A8,'CCMS DATA'!$AP:$AP,$B8) | M8: =SUMIFS('CCMS DATA'!AW:AW,'CCMS DATA'!$AO:$AO,$A8,'CCMS DATA'!$AP:$AP,$B8) | N8: =SUMIFS('CCMS DATA'!AX:AX,'CCMS DATA'!$AO:$AO,$A8,'CCMS DATA'!$AP:$AP,$B8)
A9: 11 | B9: 6100 | E9: =SUMIFS('CCMS DATA'!$AR:$AR,'CCMS DATA'!$AO:$AO,$A9,'CCMS DATA'!$AP:$AP,$B9,'CCMS DATA'!$AS:$AS,"ZERO") | F9: =SUMIFS('CCMS DATA'!$AR:$AR,'CCMS DATA'!$AO:$AO,$A9,'CCMS DATA'!$AP:$AP,$B9,'CCMS DATA'!$AS:$AS,"HELD") | G9: =SUMIFS('CCMS DATA'!$AR:$AR,'CCMS DATA'!$AO:$AO,$A9,'CCMS DATA'!$AP:$AP,$B9,'CCMS DATA'!$AS:$AS,"CREDITOR") | H9: =SUMIFS('CCMS DATA'!$AR:$AR,'CCMS DATA'!$AO:$AO,$A9,'CCMS DATA'!$AP:$AP,$B9,'CCMS DATA'!$AS:$AS,"DEBTOR") | J9: =SUMIFS('CCMS DATA'!AT:AT,'CCMS DATA'!$AO:$AO,$A9,'CCMS DATA'!$AP:$AP,$B9) | K9: =SUMIFS('CCMS DATA'!AU:AU,'CCMS DATA'!$AO:$AO,$A9,'CCMS DATA'!$AP:$AP,$B9) | L9: =SUMIFS('CCMS DATA'!AV:AV,'CCMS DATA'!$AO:$AO,$A9,'CCMS DATA'!$AP:$AP,$B9) | M9: =SUMIFS('CCMS DATA'!AW:AW,'CCMS DATA'!$AO:$AO,$A9,'CCMS DATA'!$AP:$AP,$B9) | N9: =SUMIFS('CCMS DATA'!AX:AX,'CCMS DATA'!$AO:$AO,$A9,'CCMS DATA'!$AP:$AP,$B9)
A10: 11 | B10: 6200 | E10: =SUMIFS('CCMS DATA'!$AR:$AR,'CCMS DATA'!$AO:$AO,$A10,'CCMS DATA'!$AP:$AP,$B10,'CCMS DATA'!$AS:$AS,"ZERO") | F10: =SUMIFS('CCMS DATA'!$AR:$AR,'CCMS DATA'!$AO:$AO,$A10,'CCMS DATA'!$AP:$AP,$B10,'CCMS DATA'!$AS:$AS,"HELD") | G10: =SUMIFS('CCMS DATA'!$AR:$AR,'CCMS DATA'!$AO:$AO,$A10,'CCMS DATA'!$AP:$AP,$B10,'CCMS DATA'!$AS:$AS,"CREDITOR") | H10: =SUMIFS('CCMS DATA'!$AR:$AR,'CCMS DATA'!$AO:$AO,$A10,'CCMS DATA'!$AP:$AP,$B10,'CCMS DATA'!$AS:$AS,"DEBTOR") | J10: =SUMIFS('CCMS DATA'!AT:AT,'CCMS DATA'!$AO:$AO,$A10,'CCMS DATA'!$AP:$AP,$B10) | K10: =SUMIFS('CCMS DATA'!AU:AU,'CCMS DATA'!$AO:$AO,$A10,'CCMS DATA'!$AP:$AP,$B10) | L10: =SUMIFS('CCMS DATA'!AV:AV,'CCMS DATA'!$AO:$AO,$A10,'CCMS DATA'!$AP:$AP,$B10) | M10: =SUMIFS('CCMS DATA'!AW:AW,'CCMS DATA'!$AO:$AO,$A10,'CCMS DATA'!$AP:$AP,$B10) | N10: =SUMIFS('CCMS DATA'!AX:AX,'CCMS DATA'!$AO:$AO,$A10,'CCMS DATA'!$AP:$AP,$B10)
A11: 11 | B11: 6300 | E11: =SUMIFS('CCMS DATA'!$AR:$AR,'CCMS DATA'!$AO:$AO,$A11,'CCMS DATA'!$AP:$AP,$B11,'CCMS DATA'!$AS:$AS,"ZERO") | F11: =SUMIFS('CCMS DATA'!$AR:$AR,'CCMS DATA'!$AO:$AO,$A11,'CCMS DATA'!$AP:$AP,$B11,'CCMS DATA'!$AS:$AS,"HELD") | G11: =SUMIFS('CCMS DATA'!$AR:$AR,'CCMS DATA'!$AO:$AO,$A11,'CCMS DATA'!$AP:$AP,$B11,'CCMS DATA'!$AS:$AS,"CREDITOR") | H11: =SUMIFS('CCMS DATA'!$AR:$AR,'CCMS DATA'!$AO:$AO,$A11,'CCMS DATA'!$AP:$AP,$B11,'CCMS DATA'!$AS:$AS,"DEBTOR") | J11: =SUMIFS('CCMS DATA'!AT:AT,'CCMS DATA'!$AO:$AO,$A11,'CCMS DATA'!$AP:$AP,$B11) | K11: =SUMIFS('CCMS DATA'!AU:AU,'CCMS DATA'!$AO:$AO,$A11,'CCMS DATA'!$AP:$AP,$B11) | L11: =SUMIFS('CCMS DATA'!AV:AV,'CCMS DATA'!$AO:$AO,$A11,'CCMS DATA'!$AP:$AP,$B11) | M11: =SUMIFS('CCMS DATA'!AW:AW,'CCMS DATA'!$AO:$AO,$A11,'CCMS DATA'!$AP:$AP,$B11) | N11: =SUMIFS('CCMS DATA'!AX:AX,'CCMS DATA'!$AO:$AO,$A11,'CCMS DATA'!$AP:$AP,$B11)
A12: 11 | B12: 6420 | E12: =SUMIFS('CCMS DATA'!$AR:$AR,'CCMS DATA'!$AO:$AO,$A12,'CCMS DATA'!$AP:$AP,$B12,'CCMS DATA'!$AS:$AS,"ZERO") | F12: =SUMIFS('CCMS DATA'!$AR:$AR,'CCMS DATA'!$AO:$AO,$A12,'CCMS DATA'!$AP:$AP,$B12,'CCMS DATA'!$AS:$AS,"HELD") | G12: =SUMIFS('CCMS DATA'!$AR:$AR,'CCMS DATA'!$AO:$AO,$A12,'CCMS DATA'!$AP:$AP,$B12,'CCMS DATA'!$AS:$AS,"CREDITOR") | H12: =SUMIFS('CCMS DATA'!$AR:$AR,'CCMS DATA'!$AO:$AO,$A12,'CCMS DATA'!$AP:$AP,$B12,'CCMS DATA'!$AS:$AS,"DEBTOR") | J12: =SUMIFS('CCMS DATA'!AT:AT,'CCMS DATA'!$AO:$AO,$A12,'CCMS DATA'!$AP:$AP,$B12) | K12: =SUMIFS('CCMS DATA'!AU:AU,'CCMS DATA'!$AO:$AO,$A12,'CCMS DATA'!$AP:$AP,$B12) | L12: =SUMIFS('CCMS DATA'!AV:AV,'CCMS DATA'!$AO:$AO,$A12,'CCMS DATA'!$AP:$AP,$B12) | M12: =SUMIFS('CCMS DATA'!AW:AW,'CCMS DATA'!$AO:$AO,$A12,'CCMS DATA'!$AP:$AP,$B12) | N12: =SUMIFS('CCMS DATA'!AX:AX,'CCMS DATA'!$AO:$AO,$A12,'CCMS DATA'!$AP:$AP,$B12)
A13: 11 | B13: 6132 | E13: =SUMIFS('CCMS DATA'!$AR:$AR,'CCMS DATA'!$AO:$AO,$A13,'CCMS DATA'!$AP:$AP,$B13,'CCMS DATA'!$AS:$AS,"ZERO") | F13: =SUMIFS('CCMS DATA'!$AR:$AR,'CCMS DATA'!$AO:$AO,$A13,'CCMS DATA'!$AP:$AP,$B13,'CCMS DATA'!$AS:$AS,"HELD") | G13: =SUMIFS('CCMS DATA'!$AR:$AR,'CCMS DATA'!$AO:$AO,$A13,'CCMS DATA'!$AP:$AP,$B13,'CCMS DATA'!$AS:$AS,"CREDITOR") | H13: =SUMIFS('CCMS DATA'!$AR:$AR,'CCMS DATA'!$AO:$AO,$A13,'CCMS DATA'!$AP:$AP,$B13,'CCMS DATA'!$AS:$AS,"DEBTOR") | J13: =SUMIFS('CCMS DATA'!AT:AT,'CCMS DATA'!$AO:$AO,$A13,'CCMS DATA'!$AP:$AP,$B13) | K13: =SUMIFS('CCMS DATA'!AU:AU,'CCMS DATA'!$AO:$AO,$A13,'CCMS DATA'!$AP:$AP,$B13) | L13: =SUMIFS('CCMS DATA'!AV:AV,'CCMS DATA'!$AO:$AO,$A13,'CCMS DATA'!$AP:$AP,$B13) | M13: =SUMIFS('CCMS DATA'!AW:AW,'CCMS DATA'!$AO:$AO,$A13,'CCMS DATA'!$AP:$AP,$B13) | N13: =SUMIFS('CCMS DATA'!AX:AX,'CCMS DATA'!$AO:$AO,$A13,'CCMS DATA'!$AP:$AP,$B13)

Sheet By Processing Date
B3: Values
A4: Row Labels | B4: Count of INVOICE_ID | C4: Sum of AMOUNT
A5: 45108 | B5: 5 | C5: 420 | E5: 42491
A6: 45110 | B6: 4574 | C6: 916761.69 | E6: 42492
A7: 45111 | B7: 3354 | C7: 369202.71 | E7: 42493
A8: 45112 | B8: 3957 | C8: 234735.22 | E8: 42494
A9: 45113 | B9: 3234 | C9: 246282.49 | E9: 42495
A10: 45114 | B10: 2140 | C10: 135159.74 | E10: 42496
A11: 45117 | B11: 6265 | C11: 323709.42 | E11: 42497
A12: 45118 | B12: 2082 | C12: 141648.91 | E12: 42498
A13: 45119 | B13: 389 | C13: 15816.63 | E13: 42499
A14: 45120 | B14: 636 | C14: 34663.69 | E14: 42500
A15: 45121 | B15: 73 | C15: -19744.87 | E15: 42501
A16: 45124 | B16: 325 | C16: -11538.08 | E16: 42502
... A18: 45126 | B18: 371 | C18: -33985.74 | E18: 42504
A19: 45127 | B19: 186 | C19: 4371.95
A20: 45128 | B20: 406 | C20: 1453.6
A21: Grand Total | B21: 28265 | C21: 2383022.4

Sheet CCMS DATA
A1: CASE_PARTY_ID | B1: MIGRATED | C1: INVOICE_ID | D1: INVOICE_NUM | E1: PAY_GROUP_LOOKUP_CODE | F1: INVOICE_DATE | G1: INVOICE_CREATED_DATE | H1: INVOICE_RECEIVED_DATE | I1: INVOICE_GL_DATE | J1: INVOICE_VENDOR_SITE_ID | K1: INVOICE_VENDOR_ID | L1: INV_CASE_REF | M1: CASE_REFERENCE_NUMBER | N1: CIS_CASE_REFERENCE_NUMBER | O1: PROVIDER_CASE_REFERENCE_NO | P1: INCIDENT_ID | Q1: REQUESTED_AMOUNT | R1: SOURCE | S1: ORIGINAL_DOC_CATEGORY | T1: INVOICE_DOC_CATEGORY | U1: INVOICE_SOURCE | V1: ORIGINAL_INVOICE_ID | W1: INVOICE_AMOUNT | X1: PREPAY_INVOICE_ID | Y1: RECOUPED_PRE_PAY | Z1: LINE_NUMBER | AA1: LINE_CREATED_DATE | AB1: AGAINST_PO | AC1: SERIAL_NUMBER | AD1: MANUFACTURER | AE1: MODEL_NUMBER | AF1: LINE_FEE_EARNER | AG1: LINE_RECOVERABLE | AH1: LINE_NET | AI1: LINE_VAT | AJ1: GL_ACCOUNTING_DATE | AK1: GL_MATCH_STATUS | AL1: GL_LINE_NUMBER | AM1: GL_CODE_COMBO | AN1: GL_LINE_AMOUNT | AO1: SEGMENT2 | AP1: SEGMENT5 | AQ1: TOTAL_OFFICE | AR1: AMOUNT | AS1: CREDITOR | AT1: CCMS_POA | AU1: CCMS_NON_DISB_POA_ADJ | AV1: CCMS_REC_POA | AW1: CCMS_NON_DISB_REC_POA_ADJ | AX1: CCMS_BILLS

Sheet Files to import
A1: Target sheet name | B1: Source folder | C1: Source file name | D1: Sheet number
A2: CCMS DATA | B2: https://justiceuk.sharepoint.com/:x:/r/sites/FinanceSysReference/Shared%20Documents/General/UsingTextFilesExample/ | C2: V_LATE_PROCESSED_CCMS_CIVIL_REP_DATA_DATA_VIEW.csv | D2: 1
